[{"unicode": "&#xe6c9;", "name": "\u534a\u661f", "class": "layui-icon-rate-half"}, {"unicode": "&#xe67b;", "name": "\u661f\u661f-\u7a7a\u5fc3", "class": "layui-icon-rate"}, {"unicode": "&#xe67a;", "name": "\u661f\u661f-\u5b9e\u5fc3", "class": "layui-icon-rate-solid"}, {"unicode": "&#xe678;", "name": "\u624b\u673a", "class": "layui-icon-cellphone"}, {"unicode": "&#xe679;", "name": "\u9a8c\u8bc1\u7801", "class": "layui-icon-vercode"}, {"unicode": "&#xe677;", "name": "\u5fae\u4fe1", "class": "layui-icon-login-wechat"}, {"unicode": "&#xe676;", "name": "QQ", "class": "layui-icon-login-qq"}, {"unicode": "&#xe675;", "name": "\u5fae\u535a", "class": "layui-icon-login-weibo"}, {"unicode": "&#xe673;", "name": "\u5bc6\u7801", "class": "layui-icon-password"}, {"unicode": "&#xe66f;", "name": "\u7528\u6237\u540d", "class": "layui-icon-username"}, {"unicode": "&#xe9aa;", "name": "\u5237\u65b0-\u7c97", "class": "layui-icon-refresh-3"}, {"unicode": "&#xe672;", "name": "\u6388\u6743", "class": "layui-icon-auz"}, {"unicode": "&#xe66b;", "name": "\u5de6\u5411\u53f3\u4f38\u7f29\u83dc\u5355", "class": "layui-icon-spread-left"}, {"unicode": "&#xe668;", "name": "\u53f3\u5411\u5de6\u4f38\u7f29\u83dc\u5355", "class": "layui-icon-shrink-right"}, {"unicode": "&#xe6b1;", "name": "\u96ea\u82b1", "class": "layui-icon-snowflake"}, {"unicode": "&#xe702;", "name": "\u63d0\u793a\u8bf4\u660e", "class": "layui-icon-tips"}, {"unicode": "&#xe66e;", "name": "\u4fbf\u7b7e", "class": "layui-icon-note"}, {"unicode": "&#xe68e;", "name": "\u4e3b\u9875", "class": "layui-icon-home"}, {"unicode": "&#xe674;", "name": "\u9ad8\u7ea7", "class": "layui-icon-senior"}, {"unicode": "&#xe669;", "name": "\u5237\u65b0", "class": "layui-icon-refresh"}, {"unicode": "&#xe666;", "name": "\u5237\u65b0", "class": "layui-icon-refresh-1"}, {"unicode": "&#xe66c;", "name": "\u65d7\u5e1c", "class": "layui-icon-flag"}, {"unicode": "&#xe66a;", "name": "\u4e3b\u9898", "class": "layui-icon-theme"}, {"unicode": "&#xe667;", "name": "\u6d88\u606f-\u901a\u77e5", "class": "layui-icon-notice"}, {"unicode": "&#xe7ae;", "name": "\u7f51\u7ad9", "class": "layui-icon-website"}, {"unicode": "&#xe665;", "name": "\u63a7\u5236\u53f0", "class": "layui-icon-console"}, {"unicode": "&#xe664;", "name": "\u8868\u60c5-\u60ca\u8bb6", "class": "layui-icon-face-surprised"}, {"unicode": "&#xe716;", "name": "\u8bbe\u7f6e-\u7a7a\u5fc3", "class": "layui-icon-set"}, {"unicode": "&#xe656;", "name": "\u6a21\u677f", "class": "layui-icon-template-1"}, {"unicode": "&#xe653;", "name": "\u5e94\u7528", "class": "layui-icon-app"}, {"unicode": "&#xe663;", "name": "\u6a21\u677f", "class": "layui-icon-template"}, {"unicode": "&#xe6c6;", "name": "\u8d5e", "class": "layui-icon-praise"}, {"unicode": "&#xe6c5;", "name": "\u8e29", "class": "layui-icon-tread"}, {"unicode": "&#xe662;", "name": "\u7537", "class": "layui-icon-male"}, {"unicode": "&#xe661;", "name": "\u5973", "class": "layui-icon-female"}, {"unicode": "&#xe660;", "name": "\u76f8\u673a-\u7a7a\u5fc3", "class": "layui-icon-camera"}, {"unicode": "&#xe65d;", "name": "\u76f8\u673a-\u5b9e\u5fc3", "class": "layui-icon-camera-fill"}, {"unicode": "&#xe65f;", "name": "\u83dc\u5355-\u6c34\u5e73", "class": "layui-icon-more"}, {"unicode": "&#xe671;", "name": "\u83dc\u5355-\u5782\u76f4", "class": "layui-icon-more-vertical"}, {"unicode": "&#xe65e;", "name": "\u91d1\u989d-\u4eba\u6c11\u5e01", "class": "layui-icon-rmb"}, {"unicode": "&#xe659;", "name": "\u91d1\u989d-\u7f8e\u5143", "class": "layui-icon-dollar"}, {"unicode": "&#xe735;", "name": "\u94bb\u77f3-\u7b49\u7ea7", "class": "layui-icon-diamond"}, {"unicode": "&#xe756;", "name": "\u706b", "class": "layui-icon-fire"}, {"unicode": "&#xe65c;", "name": "\u8fd4\u56de", "class": "layui-icon-return"}, {"unicode": "&#xe715;", "name": "\u4f4d\u7f6e-\u5730\u56fe", "class": "layui-icon-location"}, {"unicode": "&#xe705;", "name": "\u529e\u516c-\u9605\u8bfb", "class": "layui-icon-read"}, {"unicode": "&#xe6b2;", "name": "\u8c03\u67e5", "class": "layui-icon-survey"}, {"unicode": "&#xe6af;", "name": "\u8868\u60c5-\u5fae\u7b11", "class": "layui-icon-face-smile"}, {"unicode": "&#xe69c;", "name": "\u8868\u60c5-\u54ed\u6ce3", "class": "layui-icon-face-cry"}, {"unicode": "&#xe698;", "name": "\u8d2d\u7269\u8f66", "class": "layui-icon-cart-simple"}, {"unicode": "&#xe657;", "name": "\u8d2d\u7269\u8f66", "class": "layui-icon-cart"}, {"unicode": "&#xe65b;", "name": "\u4e0b\u4e00\u9875", "class": "layui-icon-next"}, {"unicode": "&#xe65a;", "name": "\u4e0a\u4e00\u9875", "class": "layui-icon-prev"}, {"unicode": "&#xe681;", "name": "\u4e0a\u4f20-\u7a7a\u5fc3-\u62d6\u62fd", "class": "layui-icon-upload-drag"}, {"unicode": "&#xe67c;", "name": "\u4e0a\u4f20-\u5b9e\u5fc3", "class": "layui-icon-upload"}, {"unicode": "&#xe601;", "name": "\u4e0b\u8f7d-\u5706\u5708", "class": "layui-icon-download-circle"}, {"unicode": "&#xe857;", "name": "\u7ec4\u4ef6", "class": "layui-icon-component"}, {"unicode": "&#xe655;", "name": "\u6587\u4ef6-\u7c97", "class": "layui-icon-file-b"}, {"unicode": "&#xe770;", "name": "\u7528\u6237", "class": "layui-icon-user"}, {"unicode": "&#xe670;", "name": "\u53d1\u73b0-\u5b9e\u5fc3", "class": "layui-icon-find-fill"}, {"unicode": "&#xe63d;", "name": "loading", "class": "layui-icon-loading"}, {"unicode": "&#xe63e;", "name": "loading", "class": "layui-icon-loading-1"}, {"unicode": "&#xe654;", "name": "\u6dfb\u52a0", "class": "layui-icon-add-1"}, {"unicode": "&#xe652;", "name": "\u64ad\u653e", "class": "layui-icon-play"}, {"unicode": "&#xe651;", "name": "\u6682\u505c", "class": "layui-icon-pause"}, {"unicode": "&#xe6fc;", "name": "\u97f3\u9891-\u8033\u673a", "class": "layui-icon-headset"}, {"unicode": "&#xe6ed;", "name": "\u89c6\u9891", "class": "layui-icon-video"}, {"unicode": "&#xe688;", "name": "\u8bed\u97f3-\u58f0\u97f3", "class": "layui-icon-voice"}, {"unicode": "&#xe645;", "name": "\u6d88\u606f-\u901a\u77e5-\u5587\u53ed", "class": "layui-icon-speaker"}, {"unicode": "&#xe64f;", "name": "\u5220\u9664\u7ebf", "class": "layui-icon-fonts-del"}, {"unicode": "&#xe64e;", "name": "\u4ee3\u7801", "class": "layui-icon-fonts-code"}, {"unicode": "&#xe64b;", "name": "HTML", "class": "layui-icon-fonts-html"}, {"unicode": "&#xe62b;", "name": "\u5b57\u4f53\u52a0\u7c97", "class": "layui-icon-fonts-strong"}, {"unicode": "&#xe64d;", "name": "\u5220\u9664\u94fe\u63a5", "class": "layui-icon-unlink"}, {"unicode": "&#xe64a;", "name": "\u56fe\u7247", "class": "layui-icon-picture"}, {"unicode": "&#xe64c;", "name": "\u94fe\u63a5", "class": "layui-icon-link"}, {"unicode": "&#xe650;", "name": "\u8868\u60c5-\u7b11-\u7c97", "class": "layui-icon-face-smile-b"}, {"unicode": "&#xe649;", "name": "\u5de6\u5bf9\u9f50", "class": "layui-icon-align-left"}, {"unicode": "&#xe648;", "name": "\u53f3\u5bf9\u9f50", "class": "layui-icon-align-right"}, {"unicode": "&#xe647;", "name": "\u5c45\u4e2d\u5bf9\u9f50", "class": "layui-icon-align-center"}, {"unicode": "&#xe646;", "name": "\u5b57\u4f53-\u4e0b\u5212\u7ebf", "class": "layui-icon-fonts-u"}, {"unicode": "&#xe644;", "name": "\u5b57\u4f53-\u659c\u4f53", "class": "layui-icon-fonts-i"}, {"unicode": "&#xe62a;", "name": "Tabs \u9009\u9879\u5361", "class": "layui-icon-tabs"}, {"unicode": "&#xe643;", "name": "\u5355\u9009\u6846-\u9009\u4e2d", "class": "layui-icon-radio"}, {"unicode": "&#xe63f;", "name": "\u5355\u9009\u6846-\u5019\u9009", "class": "layui-icon-circle"}, {"unicode": "&#xe642;", "name": "\u7f16\u8f91", "class": "layui-icon-edit"}, {"unicode": "&#xe641;", "name": "\u5206\u4eab", "class": "layui-icon-share"}, {"unicode": "&#xe640;", "name": "\u5220\u9664", "class": "layui-icon-delete"}, {"unicode": "&#xe63c;", "name": "\u8868\u5355", "class": "layui-icon-form"}, {"unicode": "&#xe63b;", "name": "\u624b\u673a-\u7ec6\u4f53", "class": "layui-icon-cellphone-fine"}, {"unicode": "&#xe63a;", "name": "\u804a\u5929 \u5bf9\u8bdd \u6c9f\u901a", "class": "layui-icon-dialogue"}, {"unicode": "&#xe639;", "name": "\u6587\u5b57\u683c\u5f0f\u5316", "class": "layui-icon-fonts-clear"}, {"unicode": "&#xe638;", "name": "\u7a97\u53e3", "class": "layui-icon-layer"}, {"unicode": "&#xe637;", "name": "\u65e5\u671f", "class": "layui-icon-date"}, {"unicode": "&#xe636;", "name": "\u6c34 \u4e0b\u96e8", "class": "layui-icon-water"}, {"unicode": "&#xe635;", "name": "\u4ee3\u7801-\u5706\u5708", "class": "layui-icon-code-circle"}, {"unicode": "&#xe634;", "name": "\u8f6e\u64ad\u7ec4\u56fe", "class": "layui-icon-carousel"}, {"unicode": "&#xe633;", "name": "\u7ffb\u9875", "class": "layui-icon-prev-circle"}, {"unicode": "&#xe632;", "name": "\u5e03\u5c40", "class": "layui-icon-layouts"}, {"unicode": "&#xe631;", "name": "\u5de5\u5177", "class": "layui-icon-util"}, {"unicode": "&#xe630;", "name": "\u9009\u62e9\u6a21\u677f", "class": "layui-icon-templeate-1"}, {"unicode": "&#xe62f;", "name": "\u4e0a\u4f20-\u5706\u5708", "class": "layui-icon-upload-circle"}, {"unicode": "&#xe62e;", "name": "\u6811", "class": "layui-icon-tree"}, {"unicode": "&#xe62d;", "name": "\u8868\u683c", "class": "layui-icon-table"}, {"unicode": "&#xe62c;", "name": "\u56fe\u8868", "class": "layui-icon-chart"}, {"unicode": "&#xe629;", "name": "\u56fe\u6807 \u62a5\u8868 \u5c4f\u5e55", "class": "layui-icon-chart-screen"}, {"unicode": "&#xe628;", "name": "\u5f15\u64ce", "class": "layui-icon-engine"}, {"unicode": "&#xe625;", "name": "\u4e0b\u4e09\u89d2", "class": "layui-icon-triangle-d"}, {"unicode": "&#xe623;", "name": "\u53f3\u4e09\u89d2", "class": "layui-icon-triangle-r"}, {"unicode": "&#xe621;", "name": "\u6587\u4ef6", "class": "layui-icon-file"}, {"unicode": "&#xe620;", "name": "\u8bbe\u7f6e-\u5c0f\u578b", "class": "layui-icon-set-sm"}, {"unicode": "&#xe61f;", "name": "\u6dfb\u52a0-\u5706\u5708", "class": "layui-icon-add-circle"}, {"unicode": "&#xe61c;", "name": "404", "class": "layui-icon-404"}, {"unicode": "&#xe60b;", "name": "\u5173\u4e8e", "class": "layui-icon-about"}, {"unicode": "&#xe619;", "name": "\u7bad\u5934 \u5411\u4e0a", "class": "layui-icon-up"}, {"unicode": "&#xe61a;", "name": "\u7bad\u5934 \u5411\u4e0b", "class": "layui-icon-down"}, {"unicode": "&#xe603;", "name": "\u7bad\u5934 \u5411\u5de6", "class": "layui-icon-left"}, {"unicode": "&#xe602;", "name": "\u7bad\u5934 \u5411\u53f3", "class": "layui-icon-right"}, {"unicode": "&#xe617;", "name": "\u5706\u70b9", "class": "layui-icon-circle-dot"}, {"unicode": "&#xe615;", "name": "\u641c\u7d22", "class": "layui-icon-search"}, {"unicode": "&#xe614;", "name": "\u8bbe\u7f6e-\u5b9e\u5fc3", "class": "layui-icon-set-fill"}, {"unicode": "&#xe613;", "name": "\u7fa4\u7ec4", "class": "layui-icon-group"}, {"unicode": "&#xe612;", "name": "\u597d\u53cb", "class": "layui-icon-friends"}, {"unicode": "&#xe611;", "name": "\u56de\u590d \u8bc4\u8bba \u5b9e\u5fc3", "class": "layui-icon-reply-fill"}, {"unicode": "&#xe60f;", "name": "\u83dc\u5355 \u9690\u8eab \u5b9e\u5fc3", "class": "layui-icon-menu-fill"}, {"unicode": "&#xe60e;", "name": "\u8bb0\u5f55", "class": "layui-icon-log"}, {"unicode": "&#xe60d;", "name": "\u56fe\u7247-\u7ec6\u4f53", "class": "layui-icon-picture-fine"}, {"unicode": "&#xe60c;", "name": "\u8868\u60c5-\u7b11-\u7ec6\u4f53", "class": "layui-icon-face-smile-fine"}, {"unicode": "&#xe60a;", "name": "\u5217\u8868", "class": "layui-icon-list"}, {"unicode": "&#xe609;", "name": "\u53d1\u5e03 \u7eb8\u98de\u673a", "class": "layui-icon-release"}, {"unicode": "&#xe605;", "name": "\u5bf9 OK", "class": "layui-icon-ok"}, {"unicode": "&#xe607;", "name": "\u5e2e\u52a9", "class": "layui-icon-help"}, {"unicode": "&#xe606;", "name": "\u5ba2\u670d", "class": "layui-icon-chat"}, {"unicode": "&#xe604;", "name": "top \u7f6e\u9876", "class": "layui-icon-top"}, {"unicode": "&#xe600;", "name": "\u6536\u85cf-\u7a7a\u5fc3", "class": "layui-icon-star"}, {"unicode": "&#xe658;", "name": "\u6536\u85cf-\u5b9e\u5fc3", "class": "layui-icon-star-fill"}, {"unicode": "&#x1007;", "name": "\u5173\u95ed-\u5b9e\u5fc3", "class": "layui-icon-close-fill"}, {"unicode": "&#x1006;", "name": "\u5173\u95ed-\u7a7a\u5fc3", "class": "layui-icon-close"}, {"unicode": "&#x1005;", "name": "\u6b63\u786e", "class": "layui-icon-ok-circle"}, {"unicode": "&#xe608;", "name": "\u6dfb\u52a0-\u5706\u5708-\u7ec6\u4f53", "class": "layui-icon-add-circle-fine"}]